{"cameraMode":{"drawMode":0,"name":"Shaded","section":"Shading Mode"},"sceneLighting":true,"audioPlay":false,"sceneViewState":{"showFog":true,"showMaterialUpdate":false,"showSkybox":true,"showFlares":true,"showImageEffects":true,"showParticleSystems":true},"in2DMode":false,"pivot":{"x":-29.536212921142579,"y":14.576506614685059,"z":-178.2700653076172},"rotation":{"x":0.0024137182626873256,"y":0.9959540367126465,"z":0.02808322384953499,"w":-0.08537551760673523},"size":87.67218017578125,"orthographic":false}